{
    "0": {
        "precision": 0.8857142857142857,
        "recall": 0.7560975609756098,
        "f1-score": 0.8157894736842105,
        "support": 41.0
    },
    "1": {
        "precision": 0.8163265306122449,
        "recall": 0.975609756097561,
        "f1-score": 0.8888888888888888,
        "support": 41.0
    },
    "2": {
        "precision": 0.8444444444444444,
        "recall": 0.926829268292683,
        "f1-score": 0.8837209302325582,
        "support": 41.0
    },
    "3": {
        "precision": 0.9714285714285714,
        "recall": 0.8292682926829268,
        "f1-score": 0.8947368421052632,
        "support": 41.0
    },
    "4": {
        "precision": 0.8387096774193549,
        "recall": 0.6341463414634146,
        "f1-score": 0.7222222222222222,
        "support": 41.0
    },
    "5": {
        "precision": 1.0,
        "recall": 0.926829268292683,
        "f1-score": 0.9620253164556962,
        "support": 41.0
    },
    "6": {
        "precision": 0.5892857142857143,
        "recall": 0.8048780487804879,
        "f1-score": 0.6804123711340206,
        "support": 41.0
    },
    "7": {
        "precision": 0.72,
        "recall": 0.8780487804878049,
        "f1-score": 0.7912087912087912,
        "support": 41.0
    },
    "8": {
        "precision": 0.90625,
        "recall": 0.7073170731707317,
        "f1-score": 0.7945205479452054,
        "support": 41.0
    },
    "9": {
        "precision": 0.868421052631579,
        "recall": 0.825,
        "f1-score": 0.8461538461538461,
        "support": 40.0
    },
    "accuracy": 0.8264058679706602,
    "macro avg": {
        "precision": 0.8440580276536196,
        "recall": 0.8264024390243903,
        "f1-score": 0.8279679230030702,
        "support": 409.0
    },
    "weighted avg": {
        "precision": 0.843998460355385,
        "recall": 0.8264058679706602,
        "f1-score": 0.8279234586432884,
        "support": 409.0
    }
}