{
    "0": {
        "precision": 0.8888888888888888,
        "recall": 0.7804878048780488,
        "f1-score": 0.8311688311688312,
        "support": 41.0
    },
    "1": {
        "precision": 0.6666666666666666,
        "recall": 0.975609756097561,
        "f1-score": 0.7920792079207921,
        "support": 41.0
    },
    "2": {
        "precision": 0.4634146341463415,
        "recall": 0.926829268292683,
        "f1-score": 0.6178861788617886,
        "support": 41.0
    },
    "3": {
        "precision": 0.7857142857142857,
        "recall": 0.8048780487804879,
        "f1-score": 0.7951807228915663,
        "support": 41.0
    },
    "4": {
        "precision": 0.9333333333333333,
        "recall": 0.34146341463414637,
        "f1-score": 0.5,
        "support": 41.0
    },
    "5": {
        "precision": 1.0,
        "recall": 0.7073170731707317,
        "f1-score": 0.8285714285714286,
        "support": 41.0
    },
    "6": {
        "precision": 0.4782608695652174,
        "recall": 0.5365853658536586,
        "f1-score": 0.5057471264367817,
        "support": 41.0
    },
    "7": {
        "precision": 0.7647058823529411,
        "recall": 0.6341463414634146,
        "f1-score": 0.6933333333333334,
        "support": 41.0
    },
    "8": {
        "precision": 0.8148148148148148,
        "recall": 0.5365853658536586,
        "f1-score": 0.6470588235294118,
        "support": 41.0
    },
    "9": {
        "precision": 0.8157894736842105,
        "recall": 0.775,
        "f1-score": 0.7948717948717948,
        "support": 40.0
    },
    "accuracy": 0.7017114914425427,
    "macro avg": {
        "precision": 0.7611588849166699,
        "recall": 0.701890243902439,
        "f1-score": 0.7005897447585729,
        "support": 409.0
    },
    "weighted avg": {
        "precision": 0.7610253137949891,
        "recall": 0.7017114914425427,
        "f1-score": 0.7003592262986383,
        "support": 409.0
    }
}