{
    "0": {
        "precision": 0.9210526315789473,
        "recall": 0.8536585365853658,
        "f1-score": 0.8860759493670886,
        "support": 41.0
    },
    "1": {
        "precision": 0.851063829787234,
        "recall": 0.975609756097561,
        "f1-score": 0.9090909090909091,
        "support": 41.0
    },
    "2": {
        "precision": 0.75,
        "recall": 0.8780487804878049,
        "f1-score": 0.8089887640449438,
        "support": 41.0
    },
    "3": {
        "precision": 1.0,
        "recall": 0.8536585365853658,
        "f1-score": 0.9210526315789473,
        "support": 41.0
    },
    "4": {
        "precision": 1.0,
        "recall": 0.6341463414634146,
        "f1-score": 0.7761194029850746,
        "support": 41.0
    },
    "5": {
        "precision": 1.0,
        "recall": 0.975609756097561,
        "f1-score": 0.9876543209876543,
        "support": 41.0
    },
    "6": {
        "precision": 0.673469387755102,
        "recall": 0.8048780487804879,
        "f1-score": 0.7333333333333333,
        "support": 41.0
    },
    "7": {
        "precision": 0.6862745098039216,
        "recall": 0.8536585365853658,
        "f1-score": 0.7608695652173914,
        "support": 41.0
    },
    "8": {
        "precision": 0.8484848484848485,
        "recall": 0.6829268292682927,
        "f1-score": 0.7567567567567568,
        "support": 41.0
    },
    "9": {
        "precision": 0.8333333333333334,
        "recall": 0.875,
        "f1-score": 0.8536585365853658,
        "support": 40.0
    },
    "accuracy": 0.8386308068459658,
    "macro avg": {
        "precision": 0.8563678540743387,
        "recall": 0.8387195121951219,
        "f1-score": 0.8393600169947465,
        "support": 409.0
    },
    "weighted avg": {
        "precision": 0.8564241731959548,
        "recall": 0.8386308068459658,
        "f1-score": 0.839325057289146,
        "support": 409.0
    }
}