{
    "accuracy": [
        0.11010283976793289,
        0.4059286117553711,
        0.7102238535881042,
        0.7876588106155396,
        0.8439201712608337,
        0.8723533153533936,
        0.8905020952224731,
        0.9074410200119019,
        0.9128856658935547,
        0.938293993473053,
        0.9509981870651245,
        0.938293993473053,
        0.944343626499176,
        0.947973370552063,
        0.954023003578186,
        0.9588626623153687,
        0.9570478200912476,
        0.9546279311180115,
        0.9685420393943787,
        0.9721717834472656,
        0.973381757736206,
        0.9667271375656128,
        0.9697519540786743,
        0.9776164293289185,
        0.9667271375656128
    ],
    "loss": [
        2.3545613288879395,
        1.701673984527588,
        0.9178633093833923,
        0.6709499359130859,
        0.5134609937667847,
        0.417392373085022,
        0.36516910791397095,
        0.3016531765460968,
        0.29339537024497986,
        0.24897482991218567,
        0.20895113050937653,
        0.2159813493490219,
        0.2132990062236786,
        0.18232183158397675,
        0.1710224598646164,
        0.1654781550168991,
        0.17465528845787048,
        0.1607608050107956,
        0.15028901398181915,
        0.13613303005695343,
        0.1380302459001541,
        0.13749553263187408,
        0.133680522441864,
        0.12174639850854874,
        0.1304258555173874
    ],
    "val_accuracy": [
        0.11735941469669342,
        0.5721271634101868,
        0.5745721459388733,
        0.5990220308303833,
        0.6870415806770325,
        0.7041564583778381,
        0.7506112456321716,
        0.7310513257980347,
        0.7579461932182312,
        0.7823960781097412,
        0.7555012106895447,
        0.7970660328865051,
        0.7677261829376221,
        0.7921760678291321,
        0.7823960781097412,
        0.8215159177780151,
        0.8044009804725647,
        0.7677261829376221,
        0.7775061130523682,
        0.8386307954788208,
        0.7897310256958008,
        0.7579461932182312,
        0.7775061130523682,
        0.7848410606384277,
        0.7995110154151917
    ],
    "val_loss": [
        2.3172457218170166,
        1.3074222803115845,
        1.2462178468704224,
        1.1697287559509277,
        0.9447572827339172,
        0.8954070806503296,
        0.8105834126472473,
        0.8064928650856018,
        0.7997272610664368,
        0.7478912472724915,
        0.864810585975647,
        0.7114248275756836,
        0.7604970932006836,
        0.7122446894645691,
        0.7504350543022156,
        0.6113917827606201,
        0.7043435573577881,
        0.8167905211448669,
        0.8292431235313416,
        0.566709578037262,
        0.7826566696166992,
        0.9659999012947083,
        0.8451621532440186,
        0.7987763285636902,
        0.7196692824363708
    ]
}